cruise,exp,part_GBT_conc_nM_ave,part_GBT_conc_nM_sd
KM1906,UKG1,0.500098825,0.151953586
KM1906,UKG2,0.462061538,0.087319708